{"cameraMode":{"drawMode":0,"name":"Shaded","section":"Shading Mode"},"sceneLighting":false,"audioPlay":false,"sceneViewState":{"m_AlwaysRefresh":false,"showFog":true,"showSkybox":false,"showFlares":true,"showImageEffects":true,"showParticleSystems":true,"showVisualEffectGraphs":true,"m_FxEnabled":true},"in2DMode":false,"pivot":{"x":0.8864860534667969,"y":0.1095246970653534,"z":2.414915084838867},"rotation":{"x":-0.19820013642311097,"y":0.6048517227172852,"z":-0.15883995592594148,"w":-0.7547401189804077},"size":0.2056024819612503,"orthographic":false}