{"cameraMode":{"drawMode":0,"name":"Shaded","section":"Shading Mode"},"sceneLighting":true,"audioPlay":false,"sceneViewState":{"m_AlwaysRefresh":false,"showFog":true,"showSkybox":true,"showFlares":true,"showImageEffects":true,"showParticleSystems":true,"showVisualEffectGraphs":true,"m_FxEnabled":true},"in2DMode":false,"pivot":{"x":329.0172424316406,"y":19.737585067749025,"z":136.0437774658203},"rotation":{"x":0.21153374016284944,"y":0.11953136324882508,"z":-0.026135515421628953,"w":0.9695722460746765},"size":9.785289764404297,"orthographic":false}