{"cameraMode":{"drawMode":0,"name":"Shaded","section":"Shading Mode"},"sceneLighting":true,"audioPlay":false,"sceneViewState":{"m_AlwaysRefresh":false,"showFog":true,"showSkybox":true,"showFlares":true,"showImageEffects":true,"showParticleSystems":true,"showVisualEffectGraphs":true,"m_FxEnabled":true},"in2DMode":false,"pivot":{"x":40.136390686035159,"y":-6.554387092590332,"z":28.826608657836915},"rotation":{"x":0.15873375535011292,"y":0.5942344665527344,"z":-0.12108385562896729,"w":0.779088020324707},"size":13.229491233825684,"orthographic":false}