{"cameraMode":{"drawMode":0,"name":"Shaded","section":"Shading Mode"},"sceneLighting":true,"audioPlay":false,"sceneViewState":{"m_AlwaysRefresh":false,"showFog":true,"showSkybox":true,"showFlares":true,"showImageEffects":true,"showParticleSystems":true,"showVisualEffectGraphs":true,"m_FxEnabled":true},"in2DMode":false,"pivot":{"x":32.34416580200195,"y":-1.4567357301712037,"z":19.119720458984376},"rotation":{"x":0.16037899255752564,"y":0.5137603282928467,"z":-0.09843949973583222,"w":0.8370354771614075},"size":4.481004238128662,"orthographic":false}