{"cameraMode":{"drawMode":0,"name":"Shaded","section":"Shading Mode"},"sceneLighting":true,"audioPlay":false,"sceneViewState":{"m_AlwaysRefresh":false,"showFog":true,"showSkybox":true,"showFlares":true,"showImageEffects":true,"showParticleSystems":true,"showVisualEffectGraphs":true,"m_FxEnabled":true},"in2DMode":false,"pivot":{"x":22.184667587280275,"y":5.090498447418213,"z":18.092918395996095},"rotation":{"x":0.09425027668476105,"y":-0.04716629907488823,"z":0.004476409405469894,"w":0.9943811297416687},"size":2.069831132888794,"orthographic":false}