{"cameraMode":{"drawMode":0,"name":"Shaded","section":"Shading Mode"},"sceneLighting":false,"audioPlay":false,"sceneViewState":{"m_AlwaysRefresh":false,"showFog":true,"showSkybox":false,"showFlares":true,"showImageEffects":true,"showParticleSystems":true,"showVisualEffectGraphs":true,"m_FxEnabled":true},"in2DMode":false,"pivot":{"x":21.254871368408204,"y":1.13494873046875,"z":26.022178649902345},"rotation":{"x":-0.009233681485056878,"y":-0.9907320737838745,"z":0.09240563213825226,"w":-0.09900762885808945},"size":1.6229132413864136,"orthographic":false}