{"cameraMode":{"drawMode":0,"name":"Shaded","section":"Shading Mode"},"sceneLighting":false,"audioPlay":false,"sceneViewState":{"m_AlwaysRefresh":false,"showFog":true,"showSkybox":false,"showFlares":true,"showImageEffects":true,"showParticleSystems":true,"showVisualEffectGraphs":true,"m_FxEnabled":true},"in2DMode":false,"pivot":{"x":6.08979606628418,"y":0.024126194417476655,"z":5.0628180503845219},"rotation":{"x":0.054166123270988467,"y":0.9433533549308777,"z":-0.19368521869182588,"w":0.2638206481933594},"size":3.9040005207061769,"orthographic":false}